{"cameraMode":{"drawMode":0,"name":"Shaded","section":"Shading Mode"},"sceneLighting":true,"audioPlay":false,"sceneViewState":{"showFog":true,"showMaterialUpdate":false,"showSkybox":true,"showFlares":true,"showImageEffects":true,"showParticleSystems":true},"in2DMode":false,"pivot":{"x":-2.9183199405670168,"y":1.8788785934448243,"z":-0.3399101495742798},"rotation":{"x":-0.41212084889411929,"y":-0.01038906630128622,"z":0.00469948397949338,"w":-0.9110592603683472},"size":11.686050415039063,"orthographic":false}